,City,lat,Lng,Max Temp,Humidity,Cloudiness,Wind Speed,Country,Date
0,Neratovice,50.2593,14.5176,280.85,46,0,7.2,CZ,1645465451
1,Carangola,-20.7331,-42.0294,300.0,82,68,1.29,BR,1645465452
2,Arraial do Cabo,-22.9661,-42.0278,305.13,70,40,5.66,BR,1645465452
3,Jamestown,42.097,-79.2353,285.42,42,0,3.6,US,1645465182
4,Zimovniki,47.1483,42.4633,277.26,77,17,3.16,RU,1645465452
5,Udachny,66.4167,112.4,253.22,99,86,2.01,RU,1645465453
6,Tual,-5.6667,132.75,301.19,79,100,10.51,ID,1645465453
7,Thompson,55.7435,-97.8558,243.24,63,0,2.57,CA,1645465182
8,Ushuaia,-54.8,-68.3,288.96,41,40,6.69,AR,1645465455
9,Rikitea,-23.1203,-134.9692,297.95,73,15,4.02,PF,1645465308
10,Albany,42.6001,-73.9662,285.75,40,51,0.89,US,1645465766
11,Kumul,42.8,93.45,271.93,35,0,2.51,CN,1645465456
12,Poum,-20.2333,164.0167,300.79,79,100,6.89,NC,1645465456
13,Lorengau,-2.0226,147.2712,300.51,76,100,2.75,PG,1645465456
14,Murom,55.5656,42.0417,272.55,94,100,4.43,RU,1645465457
15,Dikson,73.5069,80.5464,263.24,93,100,7.09,RU,1645465457
16,Honningsvåg,70.9821,25.9704,267.01,86,40,5.14,NO,1645465457
17,Shenzhen,22.5455,114.0683,283.78,97,100,4.66,CN,1645465458
18,Puerto Ayora,-0.7393,-90.3518,304.13,87,72,3.58,EC,1645465458
19,New Norfolk,-42.7826,147.0587,281.87,89,47,1.08,AU,1645465459
20,Hilo,19.7297,-155.09,296.27,89,100,4.12,US,1645465321
21,Forsytheganj,52.6333,29.7333,277.69,96,100,6.46,BY,1645465459
22,Butaritari,3.0707,172.7902,300.68,80,90,9.73,KI,1645465459
23,Russell,32.3502,-85.1999,285.99,90,75,1.54,US,1645465309
24,Vaini,-21.2,-175.2,300.4,79,17,7.21,TO,1645465460
25,Kapaa,22.0752,-159.319,291.14,82,0,2.06,US,1645465460
26,Marabu,4.4148,114.0089,297.23,94,40,1.54,MY,1645465460
27,Cidreira,-30.1811,-50.2056,302.65,53,71,2.8,BR,1645465461
28,Leningradskiy,69.3833,178.4167,236.29,99,68,1.91,RU,1645465461
29,Derzhavīnsk,51.1,66.3167,269.62,97,93,3.85,KZ,1645465461
30,Marawi,7.9986,124.2928,291.84,88,100,1.11,PH,1645465462
31,Visby,57.6409,18.296,274.27,93,75,9.77,SE,1645465185
32,Khatanga,71.9667,102.5,261.2,92,100,1.63,RU,1645465462
33,Kloulklubed,7.0419,134.2556,300.43,78,84,11.54,PW,1645465462
34,Hithadhoo,-0.6,73.0833,301.41,69,10,4.19,MV,1645465463
35,Yellowknife,62.456,-114.3525,244.49,81,20,4.12,CA,1645465463
36,Terra Santa,-2.1042,-56.4869,305.77,52,63,2.36,BR,1645465304
37,Punta Arenas,-53.15,-70.9167,291.21,34,0,9.26,CL,1645465464
38,Tall Kayf,37.0833,41.0667,287.34,30,75,1.03,TR,1645465464
39,Mataura,-46.1927,168.8643,284.87,72,84,1.74,NZ,1645465464
40,Okhotsk,59.3833,143.3,248.4,80,11,6.31,RU,1645465465
41,Cape Town,-33.9258,18.4232,294.41,70,20,7.2,ZA,1645465359
42,Barrow,71.2906,-156.7887,246.16,69,100,8.23,US,1645465242
43,Alvorada,-12.48,-49.1247,301.1,80,82,1.52,BR,1645465465
44,Bambous Virieux,-20.3428,57.7575,300.49,94,40,9.77,MU,1645465465
45,Ikon-Khalk,44.3051,41.9142,277.13,96,100,1.41,RU,1645465466
46,Saldanha,-33.0117,17.9442,295.18,91,17,5.21,ZA,1645465466
47,Hofn,64.2539,-15.2082,276.16,70,100,11.32,IS,1645465467
48,Norman Wells,65.282,-126.8329,234.17,60,0,0.0,CA,1645465467
49,La Ronge,55.1001,-105.2842,244.29,47,0,1.03,CA,1645465467
50,Hermanus,-34.4187,19.2345,292.48,80,16,4.03,ZA,1645465468
51,Toledo,39.8333,-4.0,290.77,44,19,0.56,ES,1645465865
52,Palembang,-2.9167,104.7458,298.2,94,40,2.57,ID,1645465468
53,Kabanjahe,3.1001,98.4908,291.57,97,72,0.54,ID,1645465468
54,San Patricio,28.017,-97.5169,301.2,55,60,9.41,US,1645465469
55,Tuktoyaktuk,69.4541,-133.0374,242.15,76,0,6.17,CA,1645465469
56,Palora,-1.7,-77.9333,298.21,65,93,0.85,EC,1645465469
57,Avarua,-21.2078,-159.775,299.18,89,17,5.66,CK,1645465470
58,Kruisfontein,-34.0033,24.7314,292.53,82,12,1.86,ZA,1645465470
59,Toora-Khem,52.4675,96.11,251.8,100,87,0.57,RU,1645465470
60,Yar-Sale,66.8333,70.8333,265.42,96,100,3.37,RU,1645465471
61,Alofi,-19.0595,-169.9187,297.09,94,75,2.06,NU,1645465471
62,Hong Kong,22.2855,114.1577,283.84,92,100,4.02,HK,1645465382
63,Saskylakh,71.9167,114.0833,259.23,96,97,2.47,RU,1645465472
64,Clyde River,70.4692,-68.5914,248.28,70,75,7.72,CA,1645465472
65,Carutapera,-1.195,-46.02,301.41,77,96,4.25,BR,1645465473
66,Gravelbourg,49.8834,-106.5512,249.3,89,100,2.68,CA,1645465473
67,Upernavik,72.7868,-56.1549,243.88,99,100,2.24,GL,1645465473
68,Narsaq,60.9167,-46.05,256.27,73,0,1.02,GL,1645465474
69,Padang,-0.9492,100.3543,298.18,85,100,1.74,ID,1645465474
70,Cayenne,4.9333,-52.3333,297.17,92,75,1.54,GF,1645465274
71,Port Lincoln,-34.7333,135.8667,288.32,67,73,5.47,AU,1645465474
72,Santa Maria,-29.6842,-53.8069,304.76,45,75,1.54,BR,1645465475
73,Hobart,-42.8794,147.3294,282.07,73,45,3.6,AU,1645465429
74,Yanam,16.7333,82.2167,295.89,89,35,0.34,IN,1645465475
75,Lüderitz,-26.6481,15.1594,297.03,55,15,9.25,NA,1645465475
76,Vila Velha,-20.3297,-40.2925,303.12,73,20,2.68,BR,1645465312
77,Bataiporã,-22.2953,-53.2711,309.29,27,16,2.18,BR,1645465476
78,Iqaluit,63.7506,-68.5145,241.0,68,75,6.17,CA,1645465476
79,Kushima,31.4583,131.2333,275.44,66,51,2.82,JP,1645465477
80,Cherskiy,68.75,161.3,226.83,100,99,1.9,RU,1645465477
81,Pevek,69.7008,170.3133,232.69,100,82,1.15,RU,1645465477
82,Atuona,-9.8,-139.0333,298.92,75,15,8.72,PF,1645465477
83,Loreto,22.2667,-101.9667,296.39,23,2,5.03,MX,1645465478
84,Ponta do Sol,32.6667,-17.1,292.04,55,52,5.23,PT,1645465478
85,Moussoro,13.6408,16.4901,298.67,10,5,4.99,TD,1645465479
86,Macamic,48.7502,-78.9996,254.28,74,72,2.17,CA,1645465479
87,Tiksi,71.6872,128.8694,249.64,98,90,3.7,RU,1645466093
88,Khovd,48.0056,91.6419,250.76,94,27,1.37,MN,1645466093
89,Ribeira Grande,38.5167,-28.7,289.37,55,40,2.57,PT,1645466094
90,Kota Kinabalu,5.9749,116.0724,297.14,94,40,1.34,MY,1645466094
91,Flin Flon,54.7682,-101.865,244.06,63,0,3.6,CA,1645466094
92,Lebu,-37.6167,-73.65,292.35,57,10,3.81,CL,1645466095
93,Nikolskoye,59.7035,30.7861,274.19,96,100,5.25,RU,1645466095
94,Busselton,-33.65,115.3333,289.87,77,1,4.67,AU,1645466095
95,Suntar,62.1444,117.6319,264.92,88,100,4.43,RU,1645466096
96,Bucerías,20.75,-105.3333,302.9,34,1,3.11,MX,1645465953
97,Tomatlán,19.9333,-105.25,305.98,30,2,3.66,MX,1645466096
98,Severo-Kuril'sk,50.6789,156.125,271.26,92,100,23.35,RU,1645466096
99,Tabas,33.5959,56.9244,284.94,61,82,1.1,IR,1645466097
100,Haines Junction,60.7522,-137.5108,246.12,76,100,1.54,CA,1645466097
101,Torphins,57.1056,-2.624,277.73,81,23,3.66,GB,1645466097
102,Avera,33.194,-82.5271,294.66,61,83,3.31,US,1645466097
103,Plettenberg Bay,-34.0527,23.3716,291.68,80,24,2.48,ZA,1645466098
104,Yongzhou,26.4559,111.5988,275.79,92,100,1.71,CN,1645466098
105,Sibolga,1.7427,98.7792,298.26,83,99,1.64,ID,1645466098
106,Geraldton,-28.7667,114.6,296.38,78,69,6.17,AU,1645466099
107,Manjacaze,-24.7117,33.8828,296.04,82,4,2.52,MZ,1645466099
108,Aljezur,37.3191,-8.8033,288.62,64,1,3.56,PT,1645466099
109,Chala,-7.5833,31.2667,293.42,91,100,1.09,TZ,1645466100
110,Tonk,26.1667,75.7833,293.63,24,0,3.74,IN,1645466100
111,Aklavik,68.2191,-135.0107,248.55,75,0,3.09,CA,1645466100
112,Sosnogorsk,63.6023,53.8817,268.47,90,100,4.96,RU,1645466101
113,Lagoa,39.05,-27.9833,286.8,58,100,1.74,PT,1645466101
114,Oddur,4.1213,43.8894,301.53,30,90,3.97,SO,1645466101
115,Statesboro,32.4488,-81.7832,295.89,53,40,4.63,US,1645466102
116,Altay,47.8667,88.1167,264.05,57,0,3.98,CN,1645466102
117,Codrington,-38.2667,141.9667,285.56,82,77,3.69,AU,1645466102
118,São Filipe,14.8961,-24.4956,294.75,72,99,4.31,CV,1645466103
119,Paraíso,9.8383,-83.8656,299.75,39,19,3.9,CR,1645466103
120,Prieska,-29.6641,22.7474,300.0,16,0,4.25,ZA,1645466103
121,Mossamedes,-15.1961,12.1522,297.96,81,45,2.05,AO,1645466104
122,Yarim,14.298,44.3779,285.62,30,79,2.97,YE,1645466104
123,Buchanan,5.8808,-10.0467,302.13,76,94,3.63,LR,1645466104
124,Margate,51.3813,1.3862,283.69,69,26,4.47,GB,1645466105
125,Bluff,-46.6,168.3333,292.48,69,97,8.0,NZ,1645466105
126,Okha,53.5739,142.9478,254.35,87,100,8.93,RU,1645466105
127,Saint-Philippe,-21.3585,55.7679,299.9,93,100,13.3,RE,1645466106
128,Guerrero Negro,27.9769,-114.0611,290.06,50,33,6.16,MX,1645465915
129,Sinnamary,5.3833,-52.95,299.55,87,92,4.59,GF,1645466106
130,Mitsamiouli,-11.3847,43.2844,302.31,89,40,4.12,KM,1645466106
131,Mizdah,31.4451,12.9801,288.6,51,59,3.69,LY,1645466107
132,Lompoc,34.6391,-120.4579,287.35,64,100,7.2,US,1645466167
133,Pitimbu,-7.4706,-34.8086,303.48,63,31,5.12,BR,1645466167
134,Hambantota,6.1241,81.1185,298.92,82,27,2.09,LK,1645466168
135,North Bend,43.4065,-124.2243,279.75,96,100,2.57,US,1645466168
136,Mount Isa,-20.7333,139.5,292.02,55,1,0.51,AU,1645466168
137,Srednekolymsk,67.45,153.6833,229.44,100,60,1.72,RU,1645466169
138,Warrnambool,-38.3833,142.4833,287.49,71,86,5.16,AU,1645466169
139,Klaksvík,62.2266,-6.589,274.66,59,72,7.99,FO,1645466169
140,Dukat,62.55,155.55,236.16,100,6,2.16,RU,1645466169
141,Carnarvon,-24.8667,113.6333,301.19,65,97,4.63,AU,1645466170
142,Mwinilunga,-11.7358,24.4293,290.38,95,89,1.7,ZM,1645466170
143,Rincon,32.296,-81.2354,297.54,58,21,1.34,US,1645466170
144,Vilhena,-12.7406,-60.1458,299.27,73,40,5.14,BR,1645466171
145,Tuatapere,-46.1333,167.6833,292.49,82,100,4.64,NZ,1645466171
146,Ilulissat,69.2167,-51.1,249.75,95,97,1.51,GL,1645466171
147,Dingle,10.9995,122.6711,296.16,93,100,2.94,PH,1645466172
148,Kwang Binh,17.4833,106.6,287.6,91,100,5.07,VN,1645466172
149,Tommot,58.9564,126.2925,260.23,94,100,4.15,RU,1645466172
150,Takapau,-40.0333,176.35,287.85,95,14,1.03,NZ,1645466173
151,Touros,-5.1989,-35.4608,304.65,59,75,6.25,BR,1645466173
152,Vardø,70.3705,31.1107,272.14,64,75,6.17,NO,1645466173
153,Coquimbo,-29.9533,-71.3436,293.0,63,0,7.2,CL,1645466174
154,Vanimo,-2.6741,141.3028,298.45,90,100,3.45,PG,1645466174
155,Kurumkan,54.3,110.3,253.07,94,99,1.12,RU,1645466174
156,Arrondissement de Mont-de-Marsan,44.0,-0.6667,286.14,71,75,4.63,FR,1645466175
157,Teya,60.3778,92.6267,261.87,97,100,2.36,RU,1645466175
158,Bairiki Village,1.3292,172.9752,300.15,83,75,4.63,KI,1645466175
159,Aksarka,66.5606,67.7975,265.98,96,100,3.3,RU,1645466175
160,Makakilo City,21.3469,-158.0858,294.09,91,100,2.57,US,1645466176
161,Yuncheng,35.0231,110.9928,275.64,29,100,1.4,CN,1645466176
162,Saint-Pierre,-21.3393,55.4781,299.95,83,75,3.6,RE,1645466176
163,Tasiilaq,65.6145,-37.6368,268.86,89,100,15.13,GL,1645466177
164,Uvira,-3.4067,29.1458,296.77,80,100,0.62,CD,1645466177
165,Katsuura,35.1333,140.3,275.48,45,6,3.79,JP,1645466177
166,Bengkulu,-3.8004,102.2655,297.74,89,99,1.97,ID,1645466178
167,Jaen,38.0,-3.5,286.72,41,4,3.79,ES,1645466178
168,Hikari,33.955,131.95,274.59,69,60,5.5,JP,1645466178
169,Port Alfred,-33.5906,26.891,294.06,73,21,2.81,ZA,1645466179
170,Orsk,51.2049,58.5668,272.65,86,0,4.0,RU,1645466179
171,Nome,64.5011,-165.4064,273.24,98,100,9.78,US,1645466179
172,Chokurdakh,70.6333,147.9167,231.07,100,54,2.25,RU,1645466179
173,Isangel,-19.55,169.2667,299.35,84,100,2.77,VU,1645466180
174,Praia,14.9215,-23.5087,297.45,57,75,8.75,CV,1645466240
175,Raymond,43.9015,-70.4703,283.99,37,50,2.78,US,1645466240
176,Kavieng,-2.5744,150.7967,298.82,86,100,2.56,PG,1645466241
177,Xichang,27.8964,102.2634,273.1,95,100,1.56,CN,1645466241
178,Airai,-8.9266,125.4092,288.68,98,100,0.57,TL,1645466241
179,Ahipara,-35.1667,173.1667,292.44,87,61,2.24,NZ,1645466242
180,Sakhipur,24.3,90.1833,296.08,47,32,3.31,BD,1645466242
181,Esperance,-33.8667,121.9,289.06,71,0,6.56,AU,1645466242
182,Manggar,-2.8833,108.2667,299.57,83,97,4.22,ID,1645466242
183,Ferrol,43.4832,-8.2369,286.44,85,37,4.53,ES,1645466243
184,Pacific Grove,36.6177,-121.9166,285.24,63,2,2.68,US,1645466243
185,Riyadh,24.6877,46.7219,291.23,25,0,4.2,SA,1645466237
186,Port Keats,-14.25,129.55,300.41,82,67,2.41,AU,1645466243
187,Comacchio,44.6975,12.1858,286.34,89,88,4.98,IT,1645466244
188,Winnemucca,40.973,-117.7357,272.1,45,61,4.0,US,1645466244
189,Ganzhou,28.8184,115.4327,277.24,83,99,0.79,CN,1645466244
190,Kintampo,8.0563,-1.7306,307.26,27,99,2.4,GH,1645466245
191,Bilma,18.6853,12.9164,295.66,9,0,2.39,NE,1645466245
192,Quelimane,-17.8786,36.8883,301.12,83,20,2.68,MZ,1645466245
193,Mala,-12.6581,-76.6308,296.42,77,98,2.83,PE,1645466245
194,Evensk,61.95,159.2333,243.67,80,7,3.71,RU,1645466246
195,Unaí,-16.3575,-46.9061,299.86,72,92,1.24,BR,1645466246
196,Havøysund,70.9963,24.6622,267.28,78,93,2.88,NO,1645466246
197,Ancud,-41.8697,-73.8203,293.89,44,2,4.76,CL,1645466247
198,Yicheng,31.3705,119.8703,276.64,62,66,1.32,CN,1645466247
199,San Policarpo,12.1791,125.5072,299.09,85,100,7.1,PH,1645466247
200,Olafsvik,64.8945,-23.7142,275.14,93,100,16.05,IS,1645466247
201,Jacksonville Beach,30.2947,-81.3931,299.51,57,8,4.47,US,1645466248
202,Marzuq,14.4,46.4667,293.08,26,84,4.79,YE,1645466248
203,Saint-Augustin,51.226,-58.6502,269.35,78,94,10.11,CA,1645466248
204,Port Hawkesbury,45.6169,-61.3485,280.32,67,20,5.14,CA,1645466249
205,Daşoguz,41.8363,59.9666,282.12,57,44,5.14,TM,1645466249
206,Brae,60.3964,-1.353,276.1,52,20,7.63,GB,1645466249
207,Kamenka,51.3223,42.7678,270.07,91,83,3.75,RU,1645466250
208,Saraza,8.7356,117.78,298.32,87,98,4.52,PH,1645466250
209,Bredasdorp,-34.5322,20.0403,292.77,73,25,7.2,ZA,1645466250
210,Maningrida,-12.0667,134.2667,299.92,81,76,1.51,AU,1645466250
211,Deputatsky,69.3,139.9,242.84,79,96,2.33,RU,1645466251
212,Pec,42.6591,20.2883,283.31,86,69,2.52,XK,1645466251
213,San Fernando del Valle de Catamarca,-28.4696,-65.7852,298.42,70,36,2.24,AR,1645466251
214,Bundaberg,-24.85,152.35,295.31,95,21,2.57,AU,1645466252
215,Bathsheba,13.2167,-59.5167,302.49,61,40,10.8,BB,1645466252
216,Torbay,47.6666,-52.7314,276.25,79,75,9.77,CA,1645466252
217,Kalāleh,37.3807,55.4916,280.93,93,75,0.0,IR,1645466253
218,Smithers,54.7804,-127.1743,258.33,56,0,1.54,CA,1645466180
219,São José da Coroa Grande,-8.8978,-35.1478,302.44,61,38,4.78,BR,1645466253
220,Abashiri,44.0213,144.2697,267.35,93,100,12.72,JP,1645466253
221,Quthing,-30.4,27.7003,292.02,35,1,2.36,LS,1645466254
222,Arrondissement du Havre,49.5833,0.3333,282.84,76,72,10.29,FR,1645466314
223,Nerchinskiy Zavod,51.3088,119.61,241.79,100,75,0.95,RU,1645466314
224,Carlsbad,33.1581,-117.3506,289.95,69,100,5.14,US,1645466132
225,Broome,42.2506,-75.833,285.0,42,27,2.24,US,1645466315
226,Rio Branco,-9.9747,-67.81,300.49,78,75,4.63,BR,1645466315
227,Nishihara,26.1842,127.7558,287.75,67,100,4.12,JP,1645466315
228,Nyagan,62.1406,65.3936,271.06,94,100,3.07,RU,1645466315
229,Brønnøysund,65.4625,12.1997,269.21,74,0,1.54,NO,1645466316
230,Malkāpur,20.8833,76.2,297.39,19,1,1.22,IN,1645466316
231,Qaanaaq,77.484,-69.3632,250.57,60,94,3.55,GL,1645466316
232,Salinas,36.6777,-121.6555,285.47,60,12,2.27,US,1645466317
233,San Francisco del Mar Viejo,16.2333,-94.65,302.44,53,0,7.23,MX,1645466317
234,Saint Paul Harbor,57.79,-152.4072,276.47,97,100,3.23,US,1645466317
235,Vallenar,-28.5708,-70.7581,302.53,24,0,5.76,CL,1645466318
236,Waitati,-45.75,170.5667,288.6,81,1,2.57,NZ,1645466318
237,Prachuap Khiri Khan,12.2167,99.75,294.43,87,56,0.99,TH,1645466318
238,Missoula,47.0166,-113.8009,258.63,76,100,3.04,US,1645466318
239,Ust-Kuyga,70.0167,135.6,245.49,86,100,2.84,RU,1645466319
240,Tarakan,3.3,117.6333,296.97,89,100,3.8,ID,1645466319
241,Termez,37.2242,67.2783,289.2,23,40,3.09,UZ,1645466319
242,Puerto Cabezas,14.0351,-83.3888,302.13,79,75,5.14,NI,1645466320
243,East London,-33.0153,27.9116,294.67,78,0,2.57,ZA,1645466320
244,Ostrogozhsk,50.8664,39.0756,272.14,95,41,2.99,RU,1645466320
245,Faanui,-16.4833,-151.75,300.24,77,94,8.91,PF,1645466321
246,Zhezkazgan,47.8043,67.7144,264.24,88,93,2.62,KZ,1645466321
247,Stokmarknes,68.5646,14.9108,269.54,73,0,4.12,NO,1645466321
248,Bethel,41.3712,-73.414,285.51,45,78,2.24,US,1645466322
249,Baharly,38.4362,57.4316,283.92,50,100,1.44,TM,1645466322
250,Ouadda,8.0777,22.4007,297.19,17,19,2.55,CF,1645466322
251,Bacolod City,10.6667,122.95,298.16,81,99,3.91,PH,1645466322
252,Nanortalik,60.1432,-45.2371,262.94,73,12,8.33,GL,1645466323
253,Liverpool,53.4106,-2.9779,282.38,82,20,6.69,GB,1645466213
254,Longyearbyen,78.2186,15.6401,254.06,78,20,1.03,SJ,1645466323
255,Dodola,6.9833,39.1833,287.65,62,100,1.3,ET,1645466323
256,Fairbanks,64.8378,-147.7164,263.32,76,100,0.52,US,1645466324
257,Severnyy,50.677,36.5532,278.17,65,0,3.0,RU,1645466324
258,Ngunguru,-35.6167,174.5,291.02,83,5,3.8,NZ,1645466324
259,Manakara,-22.1333,48.0167,297.59,94,76,3.75,MG,1645466325
260,Chepareria,1.3077,35.2039,291.33,76,100,0.58,KE,1645466325
261,Andenes,69.3143,16.1194,265.14,73,40,2.57,NO,1645466325
262,Antalaha,-14.9003,50.2788,299.39,81,100,0.89,MG,1645466326
263,Nantucket,41.2835,-70.0995,283.22,84,52,6.41,US,1645466326
264,Diffa,13.3154,12.6113,297.2,12,15,3.29,NE,1645466326
265,Laem Sing,12.4816,102.0738,301.01,100,74,3.79,TH,1645466327
266,Caçu,-18.5567,-51.1308,301.58,64,32,1.86,BR,1645466327
267,Yulara,-25.2406,130.9889,295.06,40,0,3.09,AU,1645466327
268,Kongolo,-5.3833,27.0,294.81,89,80,0.64,CD,1645466327
269,Porto Santo,33.072,-16.3415,291.65,72,40,7.2,PT,1645466328
270,Mar del Plata,-38.0023,-57.5575,295.16,86,75,7.72,AR,1645466213
271,Camacupa,-12.0167,17.4833,290.23,97,97,1.29,AO,1645466388
272,Pont-Audemer,49.35,0.5167,283.48,75,60,10.09,FR,1645466388
273,San Cristobal,7.7669,-72.225,294.25,31,68,0.38,VE,1645466389
274,Saint-Joseph,-21.3667,55.6167,299.35,90,100,11.12,RE,1645466389
275,Cockburn Town,21.4612,-71.1419,300.13,61,75,5.66,TC,1645466367
276,La Baule-Escoublac,47.2922,-2.364,284.19,71,100,5.66,FR,1645466389
277,Creel,27.75,-107.6333,282.99,59,50,13.02,MX,1645466390
278,George Town,5.4112,100.3354,302.01,87,40,6.26,MY,1645466292
279,Arman',59.7,150.1667,247.28,81,6,3.32,RU,1645466390
280,Chui,-33.6971,-53.4616,298.76,64,72,4.81,UY,1645466390
281,Mahébourg,-20.4081,57.7,300.51,94,40,9.77,MU,1645466391
282,Rondonópolis,-16.4708,-54.6356,300.89,78,63,3.71,BR,1645466391
283,Guaranda,-1.6,-79.0,296.32,95,80,3.46,EC,1645466391
284,Las Vegas,36.175,-115.1372,291.06,25,0,11.32,US,1645465881
285,Libreville,0.3925,9.4537,300.63,76,93,2.88,GA,1645466392
286,Huarmey,-10.0681,-78.1522,297.08,77,85,4.0,PE,1645466392
287,Campo Grande,-20.4428,-54.6464,303.9,51,40,6.69,BR,1645466218
288,Gobabis,-22.45,18.9667,297.1,50,95,5.18,NA,1645466392
289,Dossor,47.5272,52.9811,278.04,85,100,2.68,KZ,1645466393
290,Vao,-22.6667,167.4833,299.59,80,100,5.13,NC,1645466393
291,Port Blair,11.6667,92.75,296.17,88,40,1.03,IN,1645466393
292,Hay River,60.8156,-115.7999,245.14,76,20,5.66,CA,1645466394
293,Bluefields,12.0137,-83.7635,302.19,79,40,5.14,NI,1645466394
294,Wajima,37.4,136.9,273.42,82,100,6.83,JP,1645466394
295,Port Elizabeth,-33.918,25.5701,293.76,77,0,5.66,ZA,1645466181
296,Diamantino,-14.4086,-56.4461,296.9,89,88,3.4,BR,1645466395
297,Dongsheng,39.8161,109.9776,260.15,70,9,2.98,CN,1645466395
298,Kambove,-10.8764,26.5969,289.73,90,90,1.66,CD,1645466395
299,Batemans Bay,-35.7167,150.1833,292.15,94,100,2.96,AU,1645466396
300,Belinsky,52.9647,43.4165,270.63,97,97,4.46,RU,1645466396
301,Villarrica,-25.75,-56.4333,307.55,36,79,1.03,PY,1645466396
302,Clarence Town,-32.5833,151.7833,296.96,97,100,1.28,AU,1645466396
303,Tegul'det,57.3064,88.1667,262.85,96,25,2.38,RU,1645466397
304,Sitka,57.0531,-135.33,268.6,68,42,2.88,US,1645466156
305,Zhigansk,66.7697,123.3711,250.87,97,100,5.87,RU,1645466397
306,Necochea,-38.5473,-58.7368,294.28,73,64,7.44,AR,1645466397
307,Weligama,5.9667,80.4167,298.91,83,83,0.46,LK,1645466398
308,West Bay,19.3667,-81.4167,302.19,73,40,7.72,KY,1645466398
309,Manacapuru,-3.2997,-60.6206,305.47,73,96,2.13,BR,1645466398
310,Iquitos,-3.7481,-73.2472,305.17,62,75,4.63,PE,1645466238
311,Ayr,55.4627,-4.6339,280.65,76,20,6.17,GB,1645466399
312,San Martín,-33.081,-68.4681,289.45,70,100,5.97,AR,1645466399
313,Edd,13.9297,41.6925,297.7,75,89,4.19,ER,1645466400
314,Fortuna,40.5982,-124.1573,280.33,85,100,0.0,US,1645466400
315,Waingapu,-9.6567,120.2641,298.04,87,100,3.48,ID,1645466400
316,Sørland,67.667,12.6934,273.07,54,82,1.51,NO,1645466401
317,Castro,-24.7911,-50.0119,299.69,55,85,3.7,BR,1645466462
318,Bobrovytsya,50.75,31.3833,281.85,58,100,7.13,UA,1645466462
319,Sai Buri,6.7013,101.6168,299.05,79,57,4.13,TH,1645466463
320,Walvis Bay,-22.9575,14.5053,295.42,67,20,5.03,NA,1645466463
321,Kaifeng,34.7911,114.3483,275.21,31,100,3.47,CN,1645466463
322,Bobon,12.5246,124.5636,297.56,91,100,4.99,PH,1645466464
323,Gravdal,68.1214,13.5031,266.97,66,95,0.93,NO,1645466464
324,Yerofey Pavlovich,53.9667,121.9667,248.17,95,42,1.61,RU,1645466464
325,Ukiah,39.1502,-123.2078,283.36,59,9,1.79,US,1645466403
326,Champerico,14.3,-91.9167,308.57,54,4,4.29,GT,1645466465
327,Ahualulco del Sonido Trece,22.4,-101.1667,295.05,26,4,1.85,MX,1645466465
328,Ranong,9.9658,98.6348,297.93,88,33,1.43,TH,1645466465
329,Karpathos,35.507,27.2132,289.13,88,40,3.6,GR,1645466466
330,Beloha,-25.1667,45.05,297.56,84,0,7.01,MG,1645466466
331,Raudeberg,61.9875,5.1352,276.03,88,87,4.02,NO,1645466466
332,Grindavik,63.8424,-22.4338,275.41,93,100,18.01,IS,1645466467
333,Port Macquarie,-31.4333,152.9167,291.98,92,100,1.81,AU,1645466467
334,Buraidah,26.326,43.975,290.4,28,1,2.88,SA,1645466239
335,Chiang Mai,18.75,99.0,295.19,83,20,1.03,TH,1645466467
336,Whitehorse,60.7161,-135.0538,243.58,76,20,2.06,CA,1645466397
337,Ngama,11.7833,17.1667,301.03,12,27,4.99,TD,1645466468
338,Saint Anthony,45.0205,-93.218,269.66,70,100,10.29,US,1645466468
339,Oxford,51.7522,-1.256,283.85,62,0,5.66,GB,1645466400
340,Sjøvegan,68.8726,17.8474,267.84,88,100,2.28,NO,1645466469
341,Ulladulla,-35.35,150.4667,291.91,92,100,2.92,AU,1645466469
342,Río Gallegos,-51.6226,-69.2181,293.27,31,47,6.14,AR,1645466469
343,Caravelas,-17.7125,-39.2481,302.32,60,42,4.31,BR,1645466470
344,Ploemeur,47.7333,-3.4333,284.16,70,100,6.69,FR,1645466470
345,Samarkand,39.6542,66.9597,281.83,49,89,9.26,UZ,1645466470
346,Saint George,37.1041,-113.5841,289.7,21,68,4.92,US,1645466267
347,Zhangye,38.9342,100.4517,268.1,51,44,2.82,CN,1645466471
348,Rosarito,32.3333,-117.0333,289.21,70,100,4.22,MX,1645466471
349,Kudahuvadhoo,2.6708,72.8944,301.07,67,6,2.53,MV,1645466472
350,Gilgit,35.9221,74.3087,271.82,46,90,1.25,PK,1645466472
351,Fort Nelson,58.8053,-122.7002,248.62,93,21,0.2,CA,1645466472
352,Erzin,36.9559,36.2,286.44,93,99,2.83,TR,1645466472
353,Lavumisa,-27.31,31.892,296.9,90,30,2.32,SZ,1645466473
354,Henties Bay,-22.116,14.2845,295.29,81,13,2.36,NA,1645466473
355,Rosamorada,22.1222,-105.2058,305.34,26,7,2.48,MX,1645466474
356,Huilong,31.8111,121.655,278.17,53,84,1.92,CN,1645466474
357,Kununurra,-15.7667,128.7333,299.14,89,70,0.0,AU,1645466474
358,Acaraú,-2.8856,-40.12,303.29,60,52,8.14,BR,1645466470
359,Nemuro,43.3236,145.575,268.08,77,100,14.4,JP,1645466475
360,San Quintín,30.4833,-115.95,288.3,54,81,5.93,MX,1645466476
361,Narasapuram,16.45,81.6667,297.58,80,22,2.31,IN,1645466476
362,Yeppoon,-23.1333,150.7333,296.03,84,21,4.74,AU,1645466421
363,Kikugawa,34.7563,138.0874,274.69,57,0,7.88,JP,1645466536
364,Swan Hill,-35.3378,143.5544,285.96,67,0,4.79,AU,1645466537
365,Beira,-19.8436,34.8389,301.2,78,40,5.66,MZ,1645466537
366,Banjar,-8.19,114.9675,299.07,86,100,1.9,ID,1645466537
367,Mayo,38.8876,-76.5119,292.12,40,0,3.6,US,1645466538
368,Adrar,20.5022,-10.0711,302.36,11,92,0.81,MR,1645466538
369,Vaitape,-16.5167,-151.75,300.27,77,95,8.93,PF,1645466538
370,Vostok,46.4856,135.8833,255.45,98,100,1.36,RU,1645466539
371,Namatanai,-3.6667,152.4333,298.87,82,100,1.28,PG,1645466539
372,Talnakh,69.4865,88.3972,262.75,84,100,8.54,RU,1645466539
373,Jishou,28.3167,109.7167,275.66,99,100,0.92,CN,1645466540
374,Bethanien,-26.502,17.1583,303.54,17,26,8.24,NA,1645466540
375,Turukhansk,65.8167,87.9833,264.64,87,100,7.95,RU,1645466540
376,Uvalde,29.3669,-99.767,301.22,40,0,4.63,US,1645466540
377,Bragança Paulista,-22.94,-46.5556,298.51,68,28,2.69,BR,1645466541
378,Flinders,-34.5833,150.8552,294.71,88,100,3.13,AU,1645466541
379,Vestmanna,62.1564,-7.1664,273.66,69,75,6.69,FO,1645466541
380,Shwebo,22.5667,95.7,290.91,70,68,5.46,MM,1645466542
381,Vestmannaeyjar,63.4427,-20.2734,276.7,93,100,28.29,IS,1645466542
382,Arrondissement de Limoges,45.75,1.3333,280.93,87,75,5.66,FR,1645466542
383,Hasaki,35.7333,140.8333,275.37,43,11,10.47,JP,1645466543
384,Aras,42.5617,-2.356,281.39,78,7,3.42,ES,1645466543
385,Harper,4.375,-7.7169,300.37,82,91,3.03,LR,1645466543
386,Malanje,-9.5402,16.341,292.68,81,93,1.33,AO,1645466543
387,Provideniya,64.3833,-173.3,265.14,95,100,4.05,RU,1645466544
388,Faya,18.3851,42.4509,287.76,30,57,2.45,SA,1645466544
389,Hauterive,46.0901,3.4459,281.57,81,69,6.39,FR,1645466544
390,Kattivākkam,13.2167,80.3167,301.2,86,40,4.04,IN,1645466545
391,Yangi Marg`ilon,40.4272,71.7189,282.83,42,20,1.67,UZ,1645466545
392,Bahir Dar,11.5936,37.3908,293.99,56,95,2.12,ET,1645466432
393,Parambu,-6.2111,-40.6944,304.15,44,76,4.23,BR,1645466546
394,Vammala,61.3333,22.9,270.69,93,100,7.49,FI,1645466546
395,Borogontsy,62.6683,131.1683,246.72,98,100,3.09,RU,1645466546
396,Hervey Bay,-25.2986,152.8535,295.38,91,2,2.24,AU,1645466547
397,Mattru,7.6244,-11.8332,303.79,57,84,3.7,SL,1645466547
398,Finschhafen,-6.6024,147.8681,300.48,79,100,4.13,PG,1645466547
399,Tucuruí,-3.7661,-49.6725,304.16,61,86,2.15,BR,1645466548
400,Sawtell,-30.3833,153.1,294.92,88,40,0.0,AU,1645466548
401,Muramvya,-3.2682,29.6079,287.54,91,100,0.66,BI,1645466548
402,Christchurch,-43.5333,172.6333,288.1,91,100,1.03,NZ,1645466387
403,Salinópolis,-0.6136,-47.3561,300.69,79,99,5.97,BR,1645466548
404,Labuhan,-6.8844,112.2051,298.52,86,100,3.89,ID,1645466549
405,Owando,-0.4819,15.8999,297.75,75,99,0.58,CG,1645466549
406,Biak,-0.9131,122.8766,296.66,84,100,3.17,ID,1645466549
407,Kem',64.9555,34.5793,256.02,99,38,2.3,RU,1645466550
408,Sirte,31.2089,16.5887,288.56,78,87,5.38,LY,1645466550
409,Lakes Entrance,-37.8811,147.981,287.91,70,63,1.13,AU,1645466550
410,Manzanillo,20.3433,-77.1167,303.82,39,2,6.18,CU,1645466411
411,Bārmer,25.75,71.3833,296.96,32,0,5.85,IN,1645466611
412,Tefé,-3.3542,-64.7114,302.79,75,95,2.0,BR,1645466611
413,Izmalkovo,52.6887,37.964,273.61,96,86,6.43,RU,1645466611
414,Miquelon,47.0975,-56.3814,276.15,86,98,13.72,PM,1645466612
415,Peniche,39.3558,-9.3811,291.89,76,27,7.92,PT,1645466612
416,Kahului,20.8947,-156.47,298.06,87,11,1.34,US,1645466426
417,Havre-St-Pierre,50.2334,-63.5986,265.35,67,40,12.35,CA,1645466612
418,Pisco,-13.7,-76.2167,295.94,88,99,4.12,PE,1645466613
419,Kitale,1.0157,35.0062,289.57,73,100,1.84,KE,1645466613
420,Maţāy,28.419,30.7792,290.42,35,50,2.77,EG,1645466613
421,Balakhta,55.38,91.6,253.2,100,51,0.22,RU,1645466614
422,Los Llanos de Aridane,28.6585,-17.9182,289.01,70,40,3.58,ES,1645466614
423,São Miguel do Araguaia,-13.275,-50.1628,298.35,87,99,2.52,BR,1645466614
424,Grand-Santi,4.25,-54.3833,301.88,79,66,1.64,GF,1645466615
425,Bonavista,48.6499,-53.1147,274.93,73,89,12.23,CA,1645466615
426,Lavrentiya,65.5833,-171.0,266.43,96,100,1.72,RU,1645466615
427,Mujiayingzi,42.1167,118.7833,255.38,77,1,3.64,CN,1645466615
428,Broken Hill,-31.95,141.4333,290.49,34,1,7.02,AU,1645466616
429,Zaporizhia,47.8167,35.1833,278.52,65,0,4.0,UA,1645466616
430,Anloga,5.7947,0.8973,301.07,80,36,6.08,GH,1645466616
431,Souillac,-20.5167,57.5167,300.57,90,67,8.46,MU,1645466617
432,Wewak,-3.5534,143.6268,299.11,87,100,4.21,PG,1645466617
433,Cravo Norte,6.3017,-70.2041,309.13,25,25,5.68,CO,1645466617
434,Kargasok,59.0556,80.8572,265.16,88,100,4.75,RU,1645466480
435,Vega de Alatorre,20.0333,-96.6333,300.54,58,4,7.12,MX,1645466618
436,Paamiut,61.994,-49.6678,254.74,78,1,3.65,GL,1645466618
437,Mahon,39.8885,4.2658,286.46,67,0,2.57,ES,1645466618
438,Moerai,-22.4333,-151.3333,299.76,74,5,6.2,PF,1645466619
439,Sittwe,20.15,92.9,293.84,84,94,2.31,MM,1645466619
440,Semnan,35.5729,53.3971,280.9,52,38,3.32,IR,1645466619
441,Petropavlovsk-Kamchatskiy,53.0452,158.6483,267.25,79,100,10.84,RU,1645466620
442,Taoudenni,22.6783,-3.9836,304.85,8,100,3.68,ML,1645466620
443,Chardara,41.2547,67.9692,282.94,55,22,4.91,KZ,1645466620
444,Portland,45.5234,-122.6762,278.65,90,75,2.24,US,1645465920
445,Winchester,51.0651,-1.3187,283.71,61,20,7.72,GB,1645466546
446,Kaitangata,-46.2817,169.8464,287.55,62,31,2.33,NZ,1645466621
447,Houma,29.5958,-90.7195,299.15,78,40,7.2,US,1645466567
448,Manga,11.6636,-1.0731,304.7,7,65,3.63,BF,1645466621
449,Camacha,33.0833,-16.3333,289.57,72,40,7.2,PT,1645466621
450,Montrose,38.4166,-108.2673,275.65,37,100,9.55,US,1645466622
451,Constitución,-35.3333,-72.4167,292.04,64,100,3.98,CL,1645466622
452,Auki,-8.7676,160.7034,298.8,86,99,1.75,SB,1645466622
453,Lethem,3.3803,-59.7968,309.0,33,39,4.52,GY,1645466622
454,Srīvardhan,18.0333,73.0167,295.74,61,3,2.21,IN,1645466623
455,Evanston,42.0411,-87.6901,282.34,82,75,3.09,US,1645466357
456,Hanawa,40.1836,140.7872,267.0,93,100,7.26,JP,1645466623
457,Katobu,-4.9408,122.5276,296.61,86,100,3.3,ID,1645466624
458,Inta,66.0317,60.1659,267.38,96,99,3.01,RU,1645466684
459,Chistogorskiy,53.9835,87.3843,257.47,100,49,1.18,RU,1645466684
460,Korla,41.7597,86.1469,271.77,43,0,0.91,CN,1645466685
461,Puchezh,56.9788,43.1676,272.68,95,100,4.45,RU,1645466685
462,Massakory,12.996,15.7293,300.61,11,8,4.84,TD,1645466686
463,Dwārka,22.2394,68.9678,295.97,78,0,5.02,IN,1645466687
464,Bintulu,3.1667,113.0333,297.32,88,100,1.11,MY,1645466687
465,Hamilton,39.1834,-84.5333,289.81,47,79,1.34,US,1645466430
466,Lyuban',52.7985,28.0048,278.39,92,100,7.8,BY,1645466687
467,Bonfim,3.0833,-59.95,307.45,36,47,2.29,BR,1645466688
468,Camopi,3.1655,-52.3158,299.72,92,92,1.88,GF,1645466688
469,Pochutla,15.7432,-96.4661,305.83,40,2,4.04,MX,1645466688
470,Huai'an,33.5886,119.0192,275.23,56,69,2.49,CN,1645466688
471,Departamento de Maldonado,-34.6667,-54.9167,296.81,67,81,7.59,UY,1645466689
472,João Câmara,-5.5375,-35.8197,302.73,40,63,7.07,BR,1645466689
473,Azovskaya,44.7908,38.6264,280.12,86,85,4.0,RU,1645466689
474,Vila,42.0304,-8.1588,285.64,75,14,1.83,PT,1645466690
475,Balkhash,46.844,74.9804,262.29,87,45,4.35,KZ,1645466690
476,Lima,-12.0432,-77.0282,296.7,65,100,0.89,PE,1645466522
477,Belyy Yar,53.6039,91.3903,253.09,84,65,1.0,RU,1645466690
478,South Lake Tahoe,38.9332,-119.9844,273.32,59,0,3.6,US,1645466691
479,Lucapa,-8.4192,20.7447,293.54,87,100,0.81,AO,1645466691
480,Dunedin,-45.8742,170.5036,288.6,79,1,1.79,NZ,1645466514
481,Dubti,11.7361,41.0853,303.25,37,84,4.84,ET,1645466691
482,Hailar,49.2,119.7,242.86,100,90,1.46,CN,1645466692
483,Puerto Colombia,10.9878,-74.9547,303.2,67,4,10.27,CO,1645466644
484,Maceió,-9.6658,-35.7353,303.84,58,40,7.2,BR,1645466468
485,Maniitsoq,65.4167,-52.9,251.72,92,79,2.14,GL,1645466692
486,Shenjiamen,29.9576,122.298,278.55,54,96,3.51,CN,1645466692
487,Kavaratti,10.5669,72.642,300.49,65,28,4.79,IN,1645466693
488,Omboué,-1.5746,9.2618,299.27,81,100,2.09,GA,1645466693
489,Metro,-5.1131,105.3067,295.41,92,93,3.14,ID,1645466693
490,Westport,41.1415,-73.3579,285.53,51,80,0.89,US,1645466427
491,Novoil'insk,51.6829,108.7143,251.3,100,81,0.85,RU,1645466694
492,Ustyuzhna,58.8394,36.4321,271.35,92,100,3.35,RU,1645466694
493,Machado,-21.6747,-45.9197,297.94,76,93,1.39,BR,1645466694
494,Moctezuma,29.8,-109.6667,286.62,58,95,7.76,MX,1645466695
495,Mitú,1.1983,-70.1733,306.67,35,71,2.22,CO,1645466695
496,Alyangula,-13.8483,136.4192,301.66,73,73,2.61,AU,1645466695
497,Semporna,4.4818,118.6112,296.73,94,100,2.95,MY,1645466696
498,Tsimmerbude,54.675,20.1347,278.18,81,77,11.87,RU,1645466696
499,Guozhen,34.3659,107.359,275.61,48,94,1.26,CN,1645466696
500,Úvaly,50.0739,14.7308,279.75,60,23,9.48,CZ,1645466697
501,Juneau,58.3019,-134.4197,270.18,67,40,0.0,US,1645466697
502,Rome,43.2128,-75.4557,286.07,35,0,0.89,US,1645466643
503,Newbridge,55.9333,-3.4,280.32,67,20,3.09,GB,1645466757
504,Naze,28.3667,129.4833,284.14,62,96,5.11,JP,1645466758
505,Nhulunbuy,-12.2333,136.7667,300.49,89,66,1.54,AU,1645466758
506,Te Anau,-45.4167,167.7167,286.3,95,99,3.03,NZ,1645466509
507,Newtownards,54.5924,-5.6909,282.12,77,20,4.12,GB,1645466758
508,City of San Pedro,14.35,121.0167,299.44,77,100,3.74,PH,1645466759
509,Cabo San Lucas,22.8909,-109.9124,301.76,47,20,2.06,MX,1645466759
510,Kayasula,44.325,45.0,280.42,82,100,2.09,RU,1645466759
511,Khingansk,49.1167,131.1833,249.22,100,100,1.68,RU,1645466760
512,Gazli,40.1333,63.45,283.74,35,100,6.74,UZ,1645466760
513,Shanghai,31.2222,121.4581,278.11,46,0,1.0,CN,1645466581
514,Ballina,-28.8667,153.5667,293.68,98,39,0.4,AU,1645466760
515,Puerto Escondido,15.85,-97.0667,303.61,70,0,6.69,MX,1645466761
516,Khanbari,27.3747,87.2039,281.9,68,47,2.16,NP,1645466761
517,Uyuni,-20.4597,-66.825,291.21,21,41,6.05,BO,1645466761
518,Kieta,-6.2167,155.6333,299.58,80,100,1.2,PG,1645466762
519,Husavik,66.0449,-17.3389,273.87,75,100,12.86,IS,1645466762
520,Nyimba,-14.5566,30.8149,294.04,95,79,0.8,ZM,1645466762
521,Yinchuan,38.4681,106.2731,268.09,31,0,1.79,CN,1645466762
522,Medicine Hat,50.0501,-110.6683,254.66,81,100,0.89,CA,1645466550
523,Mtwara,-10.2667,40.1833,300.44,89,100,2.47,TZ,1645466763
524,Wajid,3.8093,43.2471,302.59,24,87,4.86,SO,1645466763
525,Nyurba,63.2842,118.3319,261.43,94,99,3.45,RU,1645466764
526,Panaci,47.2667,25.3833,275.06,74,98,2.64,RO,1645466764
527,Byron Bay,-28.65,153.6167,296.12,87,39,0.98,AU,1645466350
528,Daru,-9.0763,143.2092,299.53,86,99,1.71,PG,1645466764
529,Road Town,18.4167,-64.6167,302.2,65,40,5.14,VG,1645466765
530,Pangnirtung,66.1451,-65.7125,243.47,87,96,0.52,CA,1645466765
531,La Paz,-16.5,-68.15,286.08,57,91,2.99,BO,1645466405
532,Havelock,34.8791,-76.9013,294.14,82,77,0.45,US,1645466713
533,Şabyā,17.1495,42.6254,298.23,65,84,3.85,SA,1645466766
534,Nikki,9.9401,3.2108,303.56,12,54,1.76,BJ,1645466766
535,Nouadhibou,20.931,-17.0347,291.98,68,100,9.41,MR,1645466766
536,Ossora,59.2353,163.0719,245.06,86,22,2.09,RU,1645466767
537,Nara,34.6851,135.8049,276.75,42,34,3.78,JP,1645466523
538,Yaan,7.3833,8.5667,306.29,11,47,2.45,NG,1645466767
539,Galesong,-5.3166,119.3661,297.16,85,100,4.69,ID,1645466767
540,Grand Gaube,-20.0064,57.6608,300.58,85,48,4.92,MU,1645466768
541,Kapit,2.0167,112.9333,295.32,99,100,0.38,MY,1645466768
542,Rockport,28.0206,-97.0544,301.29,81,0,10.29,US,1645466516
543,Anau,-16.5167,-151.7333,300.22,77,96,8.93,PF,1645466769
544,Mandalgovi,45.7625,106.2708,258.33,77,0,3.4,MN,1645466769
545,Shingū,33.7333,135.9833,276.43,60,4,3.86,JP,1645466769
546,Killybegs,54.6333,-8.45,281.18,87,81,3.56,IE,1645466769
547,Coyhaique,-45.5752,-72.0662,291.21,39,40,4.63,CL,1645466770
548,Polunochnoye,60.8697,60.4153,265.03,88,43,3.05,RU,1645466830
549,Petrozavodsk,61.7849,34.3469,267.99,94,99,1.98,RU,1645466830
550,Qui Nhon,13.7667,109.2333,293.71,81,99,8.22,VN,1645466728
551,Tezu,27.9167,96.1667,284.28,59,7,2.08,IN,1645466831
552,Grahamstown,-33.3042,26.5328,288.83,82,27,2.54,ZA,1645466831
553,Kargil,34.5667,76.1,252.98,76,90,0.76,IN,1645466831
554,Ambon City,-3.6954,128.1814,298.23,88,40,2.06,ID,1645466832
555,Bilibino,68.0546,166.4372,237.05,99,89,0.11,RU,1645466832
556,Neiafu,-18.65,-173.9833,300.53,89,75,4.12,TO,1645466833
557,Shelburne,44.0787,-80.2041,273.73,97,100,3.7,CA,1645466833
558,Nyrob,60.733,56.7202,268.58,94,100,4.26,RU,1645466833
559,Gamba,-2.65,10.0,299.9,81,99,2.56,GA,1645466833
